transaction_id,timestamp,event_id,agent_id,action_schema,financial_impact,sandbox_approved
99acecad-a587-4fb7-b747-2e0abce6a8b4,2026-03-03T09:06:31.981472+00:00,EVT-0F608A48,keeper,"{""action"": ""HUMAN_APPROVED"", ""proposal"": ""--- MITIGATION PROPOSAL ---\nAGENT: Keeper\nCRISIS: Warehouse overflow due to finished goods storage capacity warning\n\nACTIONS TAKEN:\n  - GLR-TS-OneSize-467: units_on_floor reduced from 44 \u2192 34 (13.8% utilization)\n  - ATM-JN-XS-678: units_on_floor reduced from 18 \u2192 8 (3.8% utilization)\n\nFINANCIAL IMPACT: -$1,159.20 USD (cost savings from reduced holding requirements)\n\nRATIONALE: \n1. GLR-TS-OneSize-467 had 60.5% utilization in Lake Mollymouth location. Reducing by 10 units creates 38 units of headr""}",0.0,True
b5878b1e-06ed-4c35-abc7-220324c19c2d,2026-03-03T10:50:44.359474+00:00,AGENT_ACTION,keeper,"{""row_key"": ""ATM-TS-XS-978"", ""target_column"": ""units_on_floor"", ""delta"": -20.0, ""justification"": ""Reallocating excess stock to create warehouse space for finished goods"", ""old_value"": 77.0, ""new_value"": 57.0}",-2152.6,True
fedba881-2534-4f25-87c9-8ee9c72e3f47,2026-03-03T10:52:48.225271+00:00,AGENT_ACTION,maker,"{""row_key"": ""ARW-TS-XXL-191"", ""target_column"": ""units_on_floor"", ""delta"": 8.0, ""justification"": ""Increasing stock for high-velocity item to prevent potential stockout"", ""old_value"": 16.0, ""new_value"": 24.0}",242.0,True
fbecab43-1bf9-40fc-a4ea-e24bc6eab267,2026-03-03T11:06:47.039207+00:00,AGENT_ACTION,maker,"{""delta"": 50, ""justification"": ""Test production increase""}",500.0,True
8578d82d-acfc-4a21-b95a-3efb121e26f6,2026-03-03T11:09:01.347356+00:00,AGENT_ACTION,maker,"{""delta"": 50, ""justification"": ""Test production increase""}",500.0,True
afcb993e-cfd1-434c-a25d-670ffcf877ab,2026-03-03T11:16:27.458922+00:00,AGENT_ACTION,maker,"{""delta"": 50, ""justification"": ""Test production increase""}",500.0,True
f82078dc-37e7-47e6-a356-f54293a5a8cc,2026-03-03T11:21:16.837281+00:00,AGENT_ACTION,maker,"{""delta"": 50, ""justification"": ""Test production increase""}",500.0,True
066af7b9-3b99-4548-a7b0-6b1ed590c38e,2026-03-03T11:23:48.720940+00:00,AGENT_ACTION,maker,"{""delta"": 50, ""justification"": ""Test production increase""}",500.0,True
fb50bd33-9345-4d0b-b5d2-5ad3898218a6,2026-03-03T11:25:23.827682+00:00,AGENT_ACTION,maker,"{""delta"": 50, ""justification"": ""Test production increase""}",500.0,True
3dd4ae50-e838-42e7-826f-8ebf028695cd,2026-03-03T11:25:51.383865+00:00,AGENT_ACTION,maker,"{""delta"": 50, ""justification"": ""Test production increase""}",500.0,True
3780dcd5-da51-4644-9b39-7b753d7827d2,2026-03-03T11:26:42.832128+00:00,AGENT_ACTION,maker,"{""delta"": 50, ""justification"": ""Test production increase""}",500.0,True
94982a5d-2554-4aa2-840b-acd690e5d676,2026-03-03T11:28:10.439476+00:00,AGENT_ACTION,maker,"{""delta"": 50, ""justification"": ""Test production increase""}",500.0,True
5669a46a-761f-4e86-9d00-ebd3c4515214,2026-03-03T11:32:41.420396+00:00,AGENT_ACTION,mover,"{""row_key"": ""LXB-JK-XS-820"", ""target_column"": ""units_on_floor"", ""delta"": 3.0, ""justification"": ""Emergency stock replenishment to prevent imminent stockout (current 26/36 units, 72% capacity)"", ""old_value"": 26.0, ""new_value"": 29.0}",457.53,True
881a7ef5-b0cb-4ee0-b8dc-249593986284,2026-03-03T11:32:43.868553+00:00,AGENT_ACTION,mover,"{""row_key"": ""GLR-JK-XS-416"", ""target_column"": ""units_on_floor"", ""delta"": 48.0, ""justification"": ""Emergency stock replenishment to prevent imminent stockout (current 29/96 units, 30% capacity) based on 45 days of stock remaining"", ""old_value"": 29.0, ""new_value"": 77.0}",777.1200000000001,True
8365c469-f5e9-4d16-9edf-a95a6b75e45c,2026-03-03T11:32:45.389971+00:00,AGENT_ACTION,mover,"{""row_key"": ""UCR-JK-L-260"", ""target_column"": ""units_on_floor"", ""delta"": 23.0, ""justification"": ""Stock replenishment to extend days_of_stock_remaining from 65 to 143 days based on weekly_sales_velocity of 2.8 units"", ""old_value"": 54.0, ""new_value"": 77.0}",2580.37,True
dbc94941-3095-400a-b092-a182643eaded,2026-03-03T11:32:47.344830+00:00,AGENT_ACTION,mover,"{""row_key"": ""ATM-JK-S-587"", ""target_column"": ""units_on_floor"", ""delta"": 35.0, ""justification"": ""Stock replenishment to extend days_of_stock_remaining from 62 to 143 days based on weekly_sales_velocity of 6.9 units"", ""old_value"": 61.0, ""new_value"": 96.0}",11452.349999999999,True
c619afa8-b22d-4873-b411-ac7c7bdfe0dc,2026-03-03T11:32:49.733543+00:00,AGENT_ACTION,mover,"{""row_key"": ""GLR-JK-XXL-810"", ""target_column"": ""units_on_floor"", ""delta"": 27.0, ""justification"": ""Stock replenishment to extend days_of_stock_remaining from 50 to 77 days based on weekly_sales_velocity of 7.0 units"", ""old_value"": 50.0, ""new_value"": 77.0}",1166.4,True
66f7fb64-f296-43c0-9f77-bee1ec139e07,2026-03-03T11:33:42.570634+00:00,AGENT_ACTION,mover,"{""row_key"": ""ATM-JN-XS-678"", ""target_column"": ""units_on_floor"", ""delta"": 20.0, ""justification"": ""Emergency restock to 80% of stockroom capacity (18 \u2192 38) to prevent stockout in high-demand Brownhaven location. Sales velocity of 6.4 units/week suggests 38 units will last ~6 weeks, avoiding urgent reorders."", ""old_value"": 18.0, ""new_value"": 38.0}",906.2,True
